City (Old Name)	,City (New Name)
Harrietta,Harrietta MI
Orange Park,Orange Park FL
Dearing,Dearing KS
Boardman,Boardman OH
Coalville,Coalville UT
Crystal Lake,Crystal Lake IL
Port Charlotte,Port Charlotte FL
Leesburg,Leesburg FL
Wappingers Falls,Wappingers Falls NY
O'Fallon,O'Fallon MO
Punta Gorda,Punta Gorda FL
Sugarmill Woods,Sugarmill Woods FL
Golden Valley,Golden Valley MN
Independence,Independence MO
St. George,St. George UT
Tom Bean,Tom Bean TX
Merrick,Merrick NY
Magnolia,Magnolia TX
Belleview,Belleview FL
Washington,Washington MO
Hurricane,Hurricane UT
Hackettstown,Hackettstown NJ
Wildwood,Wildwood MO
Myakka City,Myakka City FL
Denham Springs,Denham Springs LA
Green Cove Springs,Green Cove Springs FL
Oak Ridge,Oak Ridge TN
North Port,North Port FL
Todd Mission,Todd Mission TX
Logan,Logan UT
Martinez,Martinez CA
Covington,Covington LA
Kaysville,Kaysville UT
Locust Grove,Locust Grove GA
Orem,Orem UT
Yuba City,Yuba City CA
Fredericksburg,Fredericksburg VA
Palm Coast,Palm Coast FL
Portland,Portland OR
Ocala,Ocala FL
Plano,Plano TX
Sarasota,Sarasota FL
Lexington,Lexington KY
DeLand,DeLand FL
Temple,Temple TX
Cullman,Cullman AL
Statesville,Statesville NC
Niceville,Niceville FL
Venice,Venice FL
Foley,Foley AL
Cartersville,Cartersville GA
Hudson,Hudson FL
Lake Worth,Lake Worth FL
Opelika,Opelika AL
Little River,Little River SC
Hartford,Hartford CT
Newington,Newington CT
Red Bank,Red Bank NJ
Kings Point,Kings Point NY
New Bern,New Bern NC
Spring Hill,Spring Hill FL
Fort Pierce,Fort Pierce FL
Elsinboro,Elsinboro NJ
The Meadows,The Meadows FL
Decatur,Decatur GA
The Villages,The Villages FL
Berkeley Township,Berkeley Township NJ
Plainfield charter Township,Plainfield charter Township MI
Oak Harbor,Oak Harbor WA
Plant City,Plant City FL
Dripping Springs,Dripping Springs TX
Ovilla,Ovilla TX
Bartow,Bartow FL
Conway,Conway AR
Lehi,Lehi UT
Orangeburg,Orangeburg SC
Angleton,Angleton TX
Cape Coral,Cape Coral FL
Mansfield,Mansfield TX
Wendell,Wendell NC
Brandon,Brandon FL
Douglasville,Douglasville GA
Lake Mary,Lake Mary FL
Brentwood,Brentwood TN
Missouri City,Missouri City TX
Jacksonville Beach,Jacksonville Beach FL
Bradenton,Bradenton FL
Gilbert,Gilbert AZ
Timberwood Park,Timberwood Park TX
Acworth,Acworth GA
North Bergen,North Bergen NJ
Bee Cave,Bee Cave TX
Verona,Verona NJ
Hutto,Hutto TX
Georgetown,Georgetown TX
Brownsfield,Brownsfield TX
Princeton,Princeton TX
Belton,Belton TX
Greer,Greer SC
Lakewood Township,Lakewood Township NJ
Hendersonville,Hendersonville TN
Joplin,Joplin MO
Riverview,Riverview FL
Leander,Leander TX
Maricopa,Maricopa AZ
Prosper,Prosper TX
Spring,Spring TX
Palm Bay,Palm Bay FL
Deltona,Deltona FL
Eagle,Eagle ID
Manor,Manor TX
Huntsville,Huntsville AL
Anderson,Anderson SC
Rexburg,Rexburg ID
Forney,Forney TX
Taylors,Taylors SC
Carolina Forest,Carolina Forest SC
Port St. Lucie,Port St. Lucie FL
Edmond,Edmond OK
Rex,Rex GA
Hoover,Hoover AL
Centerton,Centerton AR
American Fork,American Fork UT
Dunedin,Dunedin FL
Roseville,Roseville CA
Bryan,Bryan TX
Belfair,Belfair WA
Rockwall,Rockwall TX
Ferry Pass,Ferry Pass FL
Grafton,Grafton WI
Morristown,Morristown TN
Panama City,Panama City FL
Texas City,Texas City TX
Gallatin,Gallatin TN
Greater Carrollwood,Greater Carrollwood FL
Pelham,Pelham AL
Fort Campbell,Fort Campbell KY
Lodi,Lodi CA
Groveland,Groveland FL
Keystone,Keystone FL
Weatherford,Weatherford TX
Athens,Athens GA
Wesley Chapel South,Wesley Chapel South FL
Marana,Marana AZ
Parkland,Parkland FL
Baytown,Baytown TX
Columbia,Columbia SC
Irmo,Irmo SC
Hanford,Hanford CA
Land O' Lakes,Land O' Lakes FL
West Palm Beach,West Palm Beach FL
Yukon,Yukon OK
Sugar Land,Sugar Land TX
Saratoga Springs,Saratoga Springs UT
Ladson,Ladson SC
Little Rock,Little Rock AR
Burlington,Burlington NC
Suisun City,Suisun City CA
Killeen,Killeen TX
Bullhead City,Bullhead City AZ
Euclid,Euclid OH
Fruitville,Fruitville FL
Chandler,Chandler AZ
North Augusta,North Augusta SC
Hurst,Hurst TX
Bonita Springs,Bonita Springs FL
Naples,Naples FL
Destin,Destin FL
Taylor,Taylor MI
Carrollton,Carrollton TX
Mountain City,Mountain City TN
Pensacola,Pensacola FL
Gainesville,Gainesville FL
Saint Cloud,Saint Cloud FL
Milledgeville,Milledgeville GA
Canyon Lake,Canyon Lake TX
Manteca,Manteca CA
Bessemer,Bessemer AL
Leland,Leland NC
Smyrna,Smyrna GA
Bellview,Bellview FL
Surprise,Surprise AZ
Provo,Provo UT
Greenville,Greenville SC
Lake Havasu City,Lake Havasu City AZ
Gulfport,Gulfport MS
Tega Cay,Tega Cay SC
Yucca Valley,Yucca Valley CA
Annapolis,Annapolis MD
Walterhill,Walterhill TN
Roxbury Township,Roxbury Township NJ
Saint Petersburg,Saint Petersburg FL
Altamonte Springs,Altamonte Springs FL
Mount Juliet,Mount Juliet TN
Martinsburg,Martinsburg WV
Cibolo,Cibolo TX
San Tan Valley,San Tan Valley AZ
Bulverde,Bulverde TX
Buckeye,Buckeye AZ
Goshen,Goshen IN
Katy,Katy TX
Stockbridge,Stockbridge GA
Casselberry,Casselberry FL
Gadsden,Gadsden AL
Winter Haven,Winter Haven FL
Sugar Hill,Sugar Hill GA
Pinellas Park,Pinellas Park FL
Five Forks,Five Forks SC
Clarksville,Clarksville TN
Wylie,Wylie TX
Dallas,Dallas TX
Rosenberg,Rosenberg TX
Aiken,Aiken SC
Maryville,Maryville TN
Fruit Cove,Fruit Cove FL
Ormond Beach,Ormond Beach FL
Round Rock,Round Rock TX
Chelmsford,Chelmsford MA
San Benito,San Benito TX
West Lake Hills,West Lake Hills TX
Grovetown,Grovetown GA
Alachua,Alachua FL
Bloomingdale,Bloomingdale FL
Apopka,Apopka FL
Inniswold,Inniswold LA
Kingman,Kingman AZ
Pensacola Beach,Pensacola Beach FL
Palm City,Palm City FL
Friendswood,Friendswood TX
Hunters Creek Village,Hunters Creek Village TX
Conyers,Conyers GA
Fortuna Foothills,Fortuna Foothills AZ
Bakersfield,Bakersfield CA
Maitland,Maitland FL
Tallahassee,Tallahassee FL
Easley,Easley SC
Birmingham,Birmingham AL
Cypress,Cypress TX
Corpus Christi,Corpus Christi TX
Winter Garden,Winter Garden FL
Mesa,Mesa AZ
Alabaster,Alabaster AL
Vestavia Hills,Vestavia Hills AL
Candler-McAfee,Candler-McAfee GA
Woodstock,Woodstock GA
Clovis,Clovis CA
McKinney,McKinney TX
Atascocita,Atascocita TX
Casas Adobes,Casas Adobes AZ
Palmyra,Palmyra PA
Phenix City,Phenix City AL
Oxford,Oxford MS
Greensboro,Greensboro NC
Modesto,Modesto CA
North Naples,North Naples FL
Rockledge,Rockledge FL
Merritt Island,Merritt Island FL
Gulf Shores,Gulf Shores AL
Collierville,Collierville TN
Peoria,Peoria AZ
Austin,Austin TX
Baton Rouge,Baton Rouge LA
Lehigh Acres,Lehigh Acres FL
The Woodlands,The Woodlands TX
Frisco,Frisco TX
Munnsville,Munnsville NY
Newport,Newport RI
Holderness,Holderness NH
Reserve Township,Reserve Township PA
Altoona,Altoona PA
Westwood,Westwood MA
Point Clear,Point Clear AL
Millvale,Millvale PA
Edwardsburg,Edwardsburg MI
Edgewood,Edgewood MD
Township of Washington,Township of Washington NJ
Waverly,Waverly IA
Sharon,Sharon MA
Liberty,Liberty MO
Heber Springs,Heber Springs AR
Homosassa,Homosassa FL
Flatwoods,Flatwoods KY
Charlotte,Charlotte NC
Valle Vista,Valle Vista CA
Bonne Terre,Bonne Terre MO
LaGrange,LaGrange GA
Vassar,Vassar MI
Ocean City,Ocean City NJ
Coloma charter Township,Coloma charter Township MI
Happy Valley,Happy Valley OR
Long Beach,Long Beach CA
Lake Tapawingo,Lake Tapawingo MO
Gilmer,Gilmer TX
Lakemore,Lakemore OH
Starke,Starke FL
Sanibel,Sanibel FL
Wilkinsburg,Wilkinsburg PA
Lake City,Lake City FL
Thomas Township,Thomas Township MI
Little Canada,Little Canada MN
Ocean Township,Ocean Township NJ
York,York PA
Murrysville,Murrysville PA
Mango,Mango FL
Cudahy,Cudahy WI
Dover,Dover DE
Oakbrook Terrace,Oakbrook Terrace IL
Butte,Butte MT
Danville,Danville VA
Abbeville,Abbeville SC
Phelps,Phelps NY
Knik-Fairview,Knik-Fairview AK
Steelville,Steelville MO
LaSalle,LaSalle IL
Marlton,Marlton NJ
Abington,Abington PA
Shaker Heights,Shaker Heights OH
Forrest City,Forrest City AR
Sioux City,Sioux City IA
Warren,Warren OH
Shawnee,Shawnee KS
Waynesboro,Waynesboro VA
Owosso charter Township,Owosso charter Township MI
La Verne,La Verne CA
Beechwood,Beechwood OH
Gettysburg,Gettysburg PA
Mount Clemens,Mount Clemens MI
Bartlesville,Bartlesville OK
Lawrenceburg,Lawrenceburg IN
Beech Grove,Beech Grove IN
Rogers,Rogers AR
Mount Dora,Mount Dora FL
Toccoa,Toccoa GA
Calumet City,Calumet City IL
Butler,Butler PA
Genesee charter Township,Genesee charter Township MI
Lincoln Village,Lincoln Village OH
Miamisburg,Miamisburg OH
Aliso Viejo,Aliso Viejo CA
Los Banos,Los Banos CA
Mercedes,Mercedes TX
Warrenton,Warrenton VA
Saint Albans,Saint Albans WV
Tarrytown,Tarrytown NY
Jamestown,Jamestown NY
West Mifflin,West Mifflin PA
Ypsilanti,Ypsilanti MI
Wabash,Wabash IN
Paragould,Paragould AR
Gloversville,Gloversville NY
Palmer Heights,Palmer Heights PA
Paramount,Paramount CA
Aldie,Aldie VA
Carthage,Carthage MO
Hollins,Hollins VA
Sanford,Sanford FL
Hopkinsville,Hopkinsville KY
Eastlake,Eastlake OH
Liberty Lake,Liberty Lake WA
Grove City,Grove City OH
Warminster,Warminster PA
Mebane,Mebane NC
Hamilton,Hamilton OH
Gaylord,Gaylord MI
Greenfield,Greenfield WI
Lawton,Lawton OK
Beverly,Beverly MA
Palatka,Palatka FL
Eastchester,Eastchester NY
Hatfield,Hatfield PA
Marion,Marion IN
West Babylon,West Babylon NY
Paramus,Paramus NJ
Quakertown,Quakertown PA
Kenilworth,Kenilworth NJ
Vernon,Vernon NJ
Dulles,Dulles VA
Plainfield,Plainfield NJ
Fort Lee,Fort Lee NJ
Waxhaw,Waxhaw NC
Hastings,Hastings MN
Winter Park,Winter Park FL
Ashland,Ashland KY
Middletown,Middletown CT
Greenbelt,Greenbelt MD
Seminole,Seminole FL
Rutland,Rutland VT
Ashtabula,Ashtabula OH
Redding,Redding CA
Redford Charter Township,Redford Charter Township MI
Beavercreek,Beavercreek OH
Skokie,Skokie IL
Albany,Albany NY
La Presa,La Presa CA
Vero Beach,Vero Beach FL
Norristown,Norristown PA
Novato,Novato CA
San Carlos,San Carlos CA
West Allis,West Allis WI
Rosemead,Rosemead CA
Huntington,Huntington WV
Redmond,Redmond WA
Massillon,Massillon OH
Waimalu,Waimalu HI
Newark,Newark DE
Aliquippa,Aliquippa PA
Severna Park,Severna Park MD
Pueblo West,Pueblo West CO
Kenmore,Kenmore NY
Muskegon charter Township,Muskegon charter Township MI
Penn Hills,Penn Hills PA
Lewis Center,Lewis Center OH
Burr Ridge,Burr Ridge IL
Auburn,Auburn WA
Goddard,Goddard KS
Yakima,Yakima WA
Westfield,Westfield IN
Murrieta,Murrieta CA
Caledonia,Caledonia WI
Berwyn,Berwyn IL
Kokomo,Kokomo IN
Charlottesville,Charlottesville VA
Peekskill,Peekskill NY
Alcoa,Alcoa TN
Hillburn,Hillburn NY
Lansing,Lansing MI
Odessa,Odessa TX
Columbus,Columbus GA
Brookhaven,Brookhaven GA
Shelby,Shelby NC
Woodruff,Woodruff SC
Bridgetown North,Bridgetown North OH
Passaic,Passaic NJ
Cranberry Township,Cranberry Township PA
Lorain,Lorain OH
Harrisburg,Harrisburg PA
Avon,Avon IN
Willingboro,Willingboro NJ
Cedar Hill,Cedar Hill TX
Lancaster,Lancaster PA
Rotterdam,Rotterdam NY
Ocean View,Ocean View DE
Olympia Fields,Olympia Fields IL
Fairview,Fairview NJ
Tolleson,Tolleson AZ
Purvis,Purvis MS
Carefree,Carefree AZ
Attalla,Attalla AL
Port Saint John,Port Saint John FL
Homeland Park,Homeland Park SC
Lula,Lula GA
Hockley,Hockley TX
Granite Falls,Granite Falls NC
Lake Wales,Lake Wales FL
Martinsville,Martinsville VA
Dixon,Dixon IL
Cocoa,Cocoa FL
Atmore,Atmore AL
Beaufort,Beaufort SC
Royal Palm Beach,Royal Palm Beach FL
Porterville,Porterville CA
Forest City,Forest City NC
North Palm Beach,North Palm Beach FL
Warrington,Warrington FL
Wadmalaw Island,Wadmalaw Island SC
Webster,Webster TX
Jollyville,Jollyville TX
Wetumpka,Wetumpka AL
Wrightsboro,Wrightsboro NC
University,University FL
Paradise Valley,Paradise Valley AZ
Pryor,Pryor OK
Four Corners,Four Corners FL
Cordova,Cordova TN
Nassau Village-Ratliff,Nassau Village-Ratliff FL
Tequesta,Tequesta FL
Glenarden,Glenarden MD
Saint Marks,Saint Marks FL
Lealman,Lealman FL
Brooklyn Park,Brooklyn Park MN
Fountain Hills,Fountain Hills AZ
Ada,Ada OK
Walker,Walker LA
Huntington Park,Huntington Park CA
Cornelius,Cornelius NC
Holiday,Holiday FL
North Druid Hills,North Druid Hills GA
Homosassa Springs,Homosassa Springs FL
Buena Ventura Lakes,Buena Ventura Lakes FL
Centreville,Centreville VA
Seymour,Seymour IN
Knights Landing,Knights Landing CA
Vienna,Vienna VA
Gretna,Gretna LA
St. Augustine,St. Augustine FL
Goulds,Goulds FL
Lake Park,Lake Park FL
New Ellenton,New Ellenton SC
Cutler,Cutler FL
Wheaton-Glenmont,Wheaton-Glenmont MD
Glenpool,Glenpool OK
Slidell,Slidell LA
Stone Mountain,Stone Mountain GA
Hyattsville,Hyattsville MD
Orion charter Township,Orion charter Township MI
Miramar,Miramar FL
La Marque,La Marque TX
Casa Grande,Casa Grande AZ
Kahului,Kahului HI
South Venice,South Venice FL
Lake Magdalene,Lake Magdalene FL
Town 'n' Country,Town 'n' Country FL
Gaffney,Gaffney SC
Clermont,Clermont FL
Loris,Loris SC
Riverdale,Riverdale GA
Spring Lake,Spring Lake NC
Goldsboro,Goldsboro NC
Dayton,Dayton OH
Perry,Perry GA
Farmington,Farmington NM
The Colony,The Colony TX
Bayshore Gardens,Bayshore Gardens FL
Greenacres,Greenacres FL
Powder Springs,Powder Springs GA
Griffin,Griffin GA
Santa Fe Springs,Santa Fe Springs CA
Radcliff,Radcliff KY
Concord,Concord NC
Monroe,Monroe NC
Poplar Bluff,Poplar Bluff MO
Wade Hampton,Wade Hampton SC
Amherst,Amherst MA
Brent,Brent FL
Bristol,Bristol TN
Southaven,Southaven MS
Union Park,Union Park FL
Mililani,Mililani HI
Gresham Park,Gresham Park GA
Orangevale,Orangevale CA
Muskegon,Muskegon MI
Golf,Golf FL
Jackson,Jackson MS
Forestville,Forestville MD
Knightdale,Knightdale NC
Irvington,Irvington NJ
Plainsboro Center,Plainsboro Center NJ
Franconia,Franconia VA
Dunwoody,Dunwoody GA
Hiram,Hiram GA
Hilton Head Island,Hilton Head Island SC
Boiling Springs,Boiling Springs SC
North Kansas City,North Kansas City MO
Mechanicsville,Mechanicsville VA
East Foothills,East Foothills CA
Hammond,Hammond LA
North Highlands,North Highlands CA
Westchase,Westchase FL
North Decatur,North Decatur GA
Belleville,Belleville IL
Lakeland Highlands,Lakeland Highlands FL
Lakeland,Lakeland FL
Estelle,Estelle LA
Pine Hills,Pine Hills FL
Kentwood,Kentwood MI
Clemson,Clemson SC
Murrells Inlet,Murrells Inlet SC
Mandeville,Mandeville LA
Varnell,Varnell GA
Cave Spring,Cave Spring GA
Amalga,Amalga UT
Lawnside,Lawnside NJ
Kansas,Kansas OK
Opa-locka,Opa-locka FL
Davenport,Davenport IA
East Cleveland,East Cleveland OH
Bluff City,Bluff City TN
Sturgeon,Sturgeon MO
Momence,Momence IL
Brookmont,Brookmont MD
Surgoinsville,Surgoinsville TN
Roseburg North,Roseburg North OR
Satus,Satus WA
New Buffalo,New Buffalo MI
Crab Orchard,Crab Orchard KY
Toppenish,Toppenish WA
Benton,Benton AR
Grayson Valley,Grayson Valley AL
Grand Saline,Grand Saline TX
DeBary,DeBary FL
Greenbrier,Greenbrier TN
Grimesland,Grimesland NC
Silvis,Silvis IL
Freeport,Freeport IL
Landis,Landis NC
Soquel,Soquel CA
Dumbarton,Dumbarton VA
Lillian,Lillian AL
Wallburg,Wallburg NC
Mount Olive,Mount Olive NC
Lebanon,Lebanon TN
Noonday,Noonday TX
Herrin,Herrin IL
Ridgeland,Ridgeland MS
Sealy,Sealy TX
South Milwaukee,South Milwaukee WI
Mineral Wells,Mineral Wells TX
Richmond Heights,Richmond Heights OH
Coshocton,Coshocton OH
West Pelzer,West Pelzer SC
Leitchfield,Leitchfield KY
Millington,Millington TN
Fort Johnson,Fort Johnson NY
Porter,Porter TX
Robbinsville,Robbinsville NJ
Okaloosa Island,Okaloosa Island FL
Humble,Humble TX
Essex,Essex MD
Holcomb,Holcomb KS
Spanish Fort,Spanish Fort AL
Southside,Southside AL
Duncan,Duncan OK
Lexington Park,Lexington Park MD
Murphy,Murphy TX
North Haledon,North Haledon NJ
Clarksdale,Clarksdale MS
Heber City,Heber City UT
Hobbs,Hobbs NM
Roscommon Township,Roscommon Township MI
Savannah,Savannah GA
Newton,Newton KS
Euless,Euless TX
Manchester,Manchester NH
Chester,Chester VA
Taunton,Taunton MA
Sarasota Springs,Sarasota Springs NY
Fort Washington,Fort Washington MD
Marshall,Marshall TX
Commerce,Commerce GA
Farmville,Farmville VA
South Plainfield,South Plainfield NJ
Guthrie,Guthrie OK
Watauga,Watauga TX
Feasterville-Trevose,Feasterville-Trevose PA
Barberton,Barberton OH
Brooksville,Brooksville FL
Sayreville,Sayreville NJ
Cedar Falls,Cedar Falls IA
Cimarron Hills,Cimarron Hills CO
Jasper,Jasper AL
Charleston,Charleston WV
Marvin,Marvin NC
Vancleave,Vancleave MS
Centerville,Centerville OH
Louisville,Louisville KY
Upper Freehold,Upper Freehold NJ
Edwardsville,Edwardsville IL
Moorhead,Moorhead MN
Nacogdoches,Nacogdoches TX
Bossier City,Bossier City LA
Turlock,Turlock CA
Mission,Mission TX
Portsmouth,Portsmouth NH
Schofield Barracks,Schofield Barracks HI
Lake Zurich,Lake Zurich IL
New Lenox,New Lenox IL
Farmers Branch,Farmers Branch TX
Kenner,Kenner LA
Kingston,Kingston NY
Woodbridge,Woodbridge NJ
Altadena,Altadena CA
Lynnwood,Lynnwood WA
Apple Valley,Apple Valley MN
Avalon,Avalon CA
Islandia,Islandia NY
Maplewood,Maplewood MN
Shepherdsville,Shepherdsville KY
Mooresville,Mooresville NC
Corinth,Corinth TX
Cross Roads,Cross Roads TX
Manorville,Manorville NY
Glendora,Glendora CA
Piney,Piney AR
Chamblee,Chamblee GA
Crestview,Crestview FL
Bellflower,Bellflower CA
Lakewood,Lakewood CA
Miami Springs,Miami Springs FL
West Seneca,West Seneca NY
Sandston,Sandston VA
Westlake,Westlake OH
Aspen Hill,Aspen Hill MD
San Marcos,San Marcos TX
Chantilly,Chantilly VA
Healdsburg,Healdsburg CA
Morganton,Morganton NC
Attleboro,Attleboro MA
Ridgewood,Ridgewood NJ
University Park,University Park TX
Panthersville,Panthersville GA
Maquoketa,Maquoketa IA
College Park,College Park MD
East Islip,East Islip NY
West Samoset,West Samoset FL
Azalea Park,Azalea Park FL
Saint Peters,Saint Peters MO
Orlovista,Orlovista FL
Hampton,Hampton VA
Saint Augustine Shores,Saint Augustine Shores FL
Kathleen,Kathleen FL
Wrightsville Beach,Wrightsville Beach NC
New Port Richey,New Port Richey FL
Lutz,Lutz FL
Ocoee,Ocoee FL
Pearl City,Pearl City HI
Loxahatchee Groves,Loxahatchee Groves FL
Mannford,Mannford OK
Egypt Lake-Leto,Egypt Lake-Leto FL
Makakilo,Makakilo HI
Holly Hill,Holly Hill FL
Leeds,Leeds AL
Lawndale,Lawndale CA
Americus,Americus GA
Lauderhill,Lauderhill FL
LaFayette,LaFayette GA
Ensley,Ensley FL
Safety Harbor,Safety Harbor FL
Suwanee,Suwanee GA
Waipio Acres,Waipio Acres HI
East Lake-Orient Park,East Lake-Orient Park FL
Thonotosassa,Thonotosassa FL
Dahlonega,Dahlonega GA
Drexel,Drexel NC
Chelsea,Chelsea MA
Morrisville,Morrisville NC
Morrow,Morrow GA
Homewood,Homewood AL
Castle Hills,Castle Hills TX
Hannibal,Hannibal MO
Mount Vernon,Mount Vernon NY
Ojus,Ojus FL
Boynton Beach,Boynton Beach FL
Catalina Foothills,Catalina Foothills AZ
Bithlo,Bithlo FL
Blythewood,Blythewood SC
Fairland,Fairland MD
Kinston,Kinston NC
Florence,Florence SC
Westwego,Westwego LA
Jan Phyl Village,Jan Phyl Village FL
Union City,Union City GA
Goldenrod,Goldenrod FL
Carnuel,Carnuel NM
Lake Hart,Lake Hart FL
West Columbia,West Columbia SC
Tucker,Tucker GA
Loma Linda,Loma Linda CA
Oakland Park,Oakland Park FL
Delhi,Delhi CA
Kihei,Kihei HI
Marietta,Marietta GA
Golden Gate,Golden Gate FL
Gantt,Gantt SC
Dacula,Dacula GA
Mountain House,Mountain House CA
Gahanna,Gahanna OH
Cut and Shoot,Cut and Shoot TX
Vinings,Vinings GA
Fort Hood,Fort Hood TX
North Lauderdale,North Lauderdale FL
Honolulu,Honolulu HI
Winder,Winder GA
Doctor Phillips,Doctor Phillips FL
Kissimmee,Kissimmee FL
New Roads,New Roads LA
Doraville,Doraville GA
Deer Park,Deer Park TX
Florin,Florin CA
Oviedo,Oviedo FL
Hunters Creek,Hunters Creek FL
Rocky Mount,Rocky Mount NC
Richton Park,Richton Park IL
Trent Woods,Trent Woods NC
Poplarville,Poplarville MS
Northport,Northport AL
Vinton,Vinton VA
Gray Court,Gray Court SC
Santa Fe,Santa Fe NM
North Key Largo,North Key Largo FL
Islamorada,Islamorada FL
Sanger,Sanger TX
Marathon,Marathon FL
Pauline,Pauline SC
New Miami,New Miami OH
Highland,Highland IN
North Arlington,North Arlington NJ
Key West,Key West FL
Chippewa Falls,Chippewa Falls WI
Barnegat Township,Barnegat Township NJ
Eatonton,Eatonton GA
Manhasset,Manhasset NY
Cinnaminson,Cinnaminson NJ
Plain City,Plain City OH
Orangetree,Orangetree FL
Lely,Lely FL
Kirkwood,Kirkwood MO
Vernon Township,Vernon Township NJ
Walpole,Walpole MA
Minden,Minden LA
West Monroe,West Monroe LA
Lely Resort,Lely Resort FL
Vero Beach South,Vero Beach South FL
Bixby,Bixby OK
Willis,Willis TX
Rotonda West,Rotonda West FL
Bastrop,Bastrop TX
Upton,Upton MA
Winter Beach,Winter Beach FL
Palmetto,Palmetto FL
Doylestown,Doylestown PA
Marco Island,Marco Island FL
Vilano Beach,Vilano Beach FL
Cypress Lake,Cypress Lake FL
Bohemia,Bohemia NY
Pembroke,Pembroke MA
Vineyards,Vineyards FL
Livingston,Livingston NJ
Bedford,Bedford TX
Garden City,Garden City NY
Palm Valley,Palm Valley FL
Middleborough,Middleborough MA
Indian River Shores,Indian River Shores FL
Laramie,Laramie WY
Wayne,Wayne NJ
Collingswood,Collingswood NJ
Maumelle,Maumelle AR
Apollo Beach,Apollo Beach FL
Marshfield,Marshfield MA
Peach Lake,Peach Lake NY
Millbury,Millbury MA
New Iberia,New Iberia LA
Westborough,Westborough MA
Holliston,Holliston MA
Germantown,Germantown MD
Fernandina Beach,Fernandina Beach FL
Bellingham,Bellingham MA
Estero,Estero FL
Pickerington,Pickerington OH
Acton,Acton MA
Gulf Gate Estates,Gulf Gate Estates FL
Fairhaven,Fairhaven MA
Uxbridge,Uxbridge MA
Midland,Midland TX
Saginaw,Saginaw MI
Point Pleasant,Point Pleasant NJ
Westford,Westford MA
Hopkinton,Hopkinton MA
Erie,Erie PA
League City,League City TX
Hanover,Hanover MA
Marlboro Township,Marlboro Township NJ
Galveston,Galveston TX
Southborough,Southborough MA
Aberdeen,Aberdeen MD
Mount Pleasant,Mount Pleasant SC
Lake Charles,Lake Charles LA
Cedar Rapids,Cedar Rapids IA
Parole,Parole MD
Shrewsbury,Shrewsbury MA
Arnold,Arnold MD
Lewes,Lewes DE
Coppell,Coppell TX
Brunswick,Brunswick OH
Bellaire,Bellaire TX
Villas,Villas NJ
Pine Ridge,Pine Ridge FL
Billerica,Billerica MA
Moss Bluff,Moss Bluff LA
Alpharetta,Alpharetta GA
New Rochelle,New Rochelle NY
Westerly,Westerly RI
Palmetto Estates,Palmetto Estates FL
Plymouth,Plymouth MA
Panama City Beach,Panama City Beach FL
Holland,Holland MI
Fort Collins,Fort Collins CO
Montville,Montville NJ
Saginaw Charter Township,Saginaw Charter Township MI
East Cobb,East Cobb GA
North Attleborough,North Attleborough MA
Kent Acres,Kent Acres DE
Sandy Springs,Sandy Springs GA
Moses Lake,Moses Lake WA
Bay City,Bay City MI
Key Biscayne,Key Biscayne FL
Newburyport,Newburyport MA
Tewksbury,Tewksbury MA
Crownsville,Crownsville MD
Cheney,Cheney WA
Richmond,Richmond VA
Watkinsville,Watkinsville GA
Metamora,Metamora IL
Newtown Grant,Newtown Grant PA
Indialantic,Indialantic FL
Owasso,Owasso OK
Memphis,Memphis TN
Washingtonville,Washingtonville NY
East Oakdale,East Oakdale CA
Galena,Galena IL
South Harrison Township,South Harrison Township MI
West Point,West Point MS
Fort Thomas,Fort Thomas KY
Fenton Township,Fenton Township MI
Zephyrhills West,Zephyrhills West FL
Ellenton,Ellenton FL
Carver,Carver MA
Myrtle Beach,Myrtle Beach SC
Shady Hills,Shady Hills FL
Elfers,Elfers FL
La Porte,La Porte TX
Bridgeport charter Township,Bridgeport Charter Township MI
Westerville,Westerville OH
Sebastian,Sebastian FL
Irondequoit,Irondequoit NY
Hagerstown,Hagerstown MD
Marblehead,Marblehead MA
Boca Raton,Boca Raton FL
Pittsboro,Pittsboro NC
Bon Air,Bon Air VA
Halethorpe,Halethorpe MD
Millsboro,Millsboro DE
Tusculum,Tusculum TN
New Port Richey East,New Port Richey East FL
Westmont,Westmont IL
Colleyville,Colleyville TX
Hibbing,Hibbing MN
Bel Air South,Bel Air South MD
Bourne,Bourne MA
Grand Blanc,Grand Blanc MI
Edgewater,Edgewater FL
Ballston,Ballston NY
Tyler,Tyler TX
Aston,Aston PA
Wilmington,Wilmington NC
Monitor charter Township,Monitor Charter Township MI
Granbury,Granbury TX
Griffith,Griffith IN
Grand Rapids,Grand Rapids MI
Oakdale,Oakdale MN
Hattiesburg,Hattiesburg MS
North Sarasota,North Sarasota FL
Plainview,Plainview NY
Yulee,Yulee FL
Claryville,Claryville KY
Phillipsburg,Phillipsburg NJ
Menominee,Menominee MI
Bayville,Bayville NJ
Reinholds,Reinholds PA
Chalfont,Chalfont PA
Millville,Millville NJ
Redstone Arsenal,Redstone Arsenal AL
Hudsonville,Hudsonville MI
South Mills,South Mills NC
Mountville,Mountville PA
Frankenmuth,Frankenmuth MI
Hawley,Hawley PA
DeWitt,DeWitt MI
Montvale,Montvale NJ
Berlin,Berlin NJ
Bright,Bright IN
Alvarado,Alvarado TX
Waldorf,Waldorf MD
Finksburg,Finksburg MD
Yardley,Yardley PA
Pepper Pike,Pepper Pike OH
Whitehouse,Whitehouse TX
Highland Heights,Highland Heights OH
Ellerbe,Ellerbe NC
New Cumberland,New Cumberland PA
Bellefonte,Bellefonte PA
Interlachen,Interlachen FL
Oglethorpe,Oglethorpe GA
Colonial Heights,Colonial Heights VA
Water Mill,Water Mill NY
Allamuchy Township,Allamuchy Township NJ
Bonney Lake,Bonney Lake WA
Marysville,Marysville WA
Branchburg,Branchburg NJ
Collegeville,Collegeville PA
Andover,Andover MA
Longview,Longview TX
La Crescenta-Montrose,La Crescenta-Montrose CA
Antioch,Antioch CA
Concordville,Concordville PA
Fremont,Fremont CA
Cheshire,Cheshire CT
Brodheadsville,Brodheadsville PA
Rincon,Rincon GA
Ramsey,Ramsey NJ
Junction City,Junction City KS
Matawan,Matawan NJ
Holbrook,Holbrook NY
Penney Farms,Penney Farms FL
West Lake Stevens,West Lake Stevens WA
Noble,Noble OK
North Baltimore,North Baltimore OH
Villa Park,Villa Park IL
Kernersville,Kernersville NC
Duncanville,Duncanville TX
Jesup,Jesup GA
New City,New City NY
Guyton,Guyton GA
Mannington Township,Mannington Township NJ
Portage,Portage MI
Myersville,Myersville MD
Gig Harbor,Gig Harbor WA
Langhorne,Langhorne PA
Chardon,Chardon OH
Grantley,Grantley PA
Poulsbo,Poulsbo WA
Temple City,Temple City CA
Buffalo Grove,Buffalo Grove IL
Evesham Township,Evesham Township NJ
Egg Harbor Township,Egg Harbor Township NJ
New Smyrna Beach,New Smyrna Beach FL
Corralitos,Corralitos CA
Danbury,Danbury CT
Lenox,Lenox MA
Mossyrock,Mossyrock WA
Bagdad,Bagdad FL
Chesterfield,Chesterfield MO
Teaneck,Teaneck NJ
Far Hills,Far Hills NJ
Norman,Norman OK
Olive Branch,Olive Branch MS
Loughman,Loughman FL
Royal Oak,Royal Oak MI
Ballwin,Ballwin MO
Bothell,Bothell WA
Salem,Salem MA
Richmond Hill,Richmond Hill GA
Edmonds,Edmonds WA
Wake Village,Wake Village TX
Thomasville,Thomasville GA
Stevenson Ranch,Stevenson Ranch CA
Puyallup,Puyallup WA
Aberdeen Gardens,Aberdeen Gardens WA
Wixon Valley,Wixon Valley TX
Morgantown,Morgantown WV
Parsippany-Troy Hills,Parsippany-Troy Hills NJ
Waco,Waco TX
Flowood,Flowood MS
Scotch Plains,Scotch Plains NJ
Warrensburg,Warrensburg MO
Milton,Milton MA
Frankton,Frankton IN
Vincent,Vincent AL
Williamsport,Williamsport PA
Glencoe,Glencoe MN
Stumpy Point,Stumpy Point NC
Tazewell,Tazewell VA
Turner,Turner ME
Alamo,Alamo TX
West Vero Corridor,West Vero Corridor FL
Lake Butler,Lake Butler FL
Coffeyville,Coffeyville KS
Hoffman,Hoffman MN
Fort White,Fort White FL
Florida City,Florida City FL
Dunkirk,Dunkirk NY
Rosemont,Rosemont IL
Guntersville,Guntersville AL
McComb,McComb MS
Cutler Bay,Cutler Bay FL
Zeeland charter Township,Zeeland Charter Township MI
Mira Monte,Mira Monte CA
Delran,Delran NJ
Lonoke,Lonoke AR
Chanute,Chanute KS
Poquoson,Poquoson VA
Moorpark,Moorpark CA
Franklinton,Franklinton LA
Millersville,Millersville PA
Lemoore,Lemoore CA
King City,King City CA
Pell City,Pell City AL
Swanton,Swanton OH
Pawleys Island,Pawleys Island SC
Bethany,Bethany OK
Pulaski,Pulaski TN
Windcrest,Windcrest TX
Petal,Petal MS
Ringgold,Ringgold GA
Scottsburg,Scottsburg IN
Malibu,Malibu CA
Waynesville,Waynesville NC
Kingsport,Kingsport TN
Holyoke,Holyoke MA
Reidville,Reidville SC
Lighthouse Point,Lighthouse Point FL
Timberlake,Timberlake NC
Sand Springs,Sand Springs OK
Ravenna,Ravenna OH
Patterson,Patterson CA
Walnut,Walnut CA
Elyria,Elyria OH
South Jordan,South Jordan UT
Muskogee,Muskogee OK
Hooksett,Hooksett NH
Cherry Hill,Cherry Hill NJ
Norwich,Norwich CT
Skidaway Island,Skidaway Island GA
Brownwood,Brownwood TX
Hinesville,Hinesville GA
Port Orchard,Port Orchard WA
Harrison,Harrison AR
Mountain Home,Mountain Home AR
Roseburg,Roseburg OR
Coos Bay,Coos Bay OR
Arroyo Grande,Arroyo Grande CA
San Luis Obispo,San Luis Obispo CA
Trussville,Trussville AL
Olympia,Olympia WA
Amelia,Amelia OH
Keene,Keene NH
Palmerton,Palmerton PA
Felton,Felton CA
Eureka,Eureka CA
Eugene,Eugene OR
Aumsville,Aumsville OR
Monterey,Monterey CA
Arcata,Arcata CA
Matthews,Matthews NC
Santa Cruz,Santa Cruz CA
Meadville,Meadville PA
Asheville,Asheville NC
Tampa,Tampa FL
Augusta,Augusta GA
Springfield,Springfield MO
Statesboro,Statesboro GA
Stephenville,Stephenville TX
Seaside,Seaside OR
Fort Stewart,Fort Stewart GA
Rohnert Park,Rohnert Park CA
Mobile,Mobile AL
Orcutt,Orcutt CA
Orlando,Orlando FL
Rock Hill,Rock Hill SC
Chico,Chico CA
Corvallis,Corvallis OR
Warner Robins,Warner Robins GA
Atascadero,Atascadero CA
Santa Rosa,Santa Rosa CA
Abingdon,Abingdon VA
Santa Barbara,Santa Barbara CA
Belmont,Belmont NC
Sonora,Sonora CA
Russellville,Russellville AR
Suffolk,Suffolk VA
Smithfield,Smithfield VA
Columbus Grove,Columbus Grove OH
Leakesville,Leakesville MS
Hickory Withe,Hickory Withe TN
Ainaloa,Ainaloa HI
Willow Park,Willow Park TX
Franklin,Franklin TN
Circle D-KC Estates,Circle D-KC Estates TX
Beckley,Beckley WV
Aylett,Aylett VA
Pottsboro,Pottsboro TX
Pinehurst,Pinehurst NC
Valley Springs,Valley Springs CA
Paintsville,Paintsville KY
Vinita,Vinita OK
Elkins,Elkins WV
Lemon Grove,Lemon Grove CA
Frostproof,Frostproof FL
Reedley,Reedley CA
Peconic,Peconic NY
Camdenton,Camdenton MO
Chalmette,Chalmette LA
Rock Island,Rock Island IL
Red Bluff,Red Bluff CA
Chapel Hill,Chapel Hill NC
Navarre,Navarre FL
Joint Base Pearl Harbor-Hickam,Joint Base Pearl Harbor-Hickam HI
Merrillville,Merrillville IN
Kings Mountain,Kings Mountain NC
Orange Beach,Orange Beach AL
Elwood,Elwood IN
Ypsilanti Charter Township,Ypsilanti Charter Township MI
New Albany,New Albany IN
Rockmart,Rockmart GA
Anthon,Anthon IA
Fort Oglethorpe,Fort Oglethorpe GA
Pawtucket,Pawtucket RI
Glen Ellyn,Glen Ellyn IL
Lake Nacimiento,Lake Nacimiento CA
Converse,Converse TX
Alexandria,Alexandria VA
Savage,Savage MN
La Honda,La Honda CA
Meadow Lake,Meadow Lake NM
Camanche,Camanche IA
Benson,Benson NC
Woodlawn,Woodlawn MD
Millwood,Millwood WA
Rio Communities,Rio Communities NM
Tahoe City,Tahoe City CA
California City,California City CA
Ossipee,Ossipee NH
West Gate,West Gate VA
Inverness Highlands South,Inverness Highlands South FL
Rockport,Rockport TX
Ellsworth,Ellsworth ME
Platea,Platea PA
Show Low,Show Low AZ
Bethpage,Bethpage NY
Raymond,Raymond NH
Penn Yan,Penn Yan NY
Johnson Lane,Johnson Lane NV
Paris,Paris TX
Berthoud,Berthoud CO
Westlake Corner,Westlake Corner VA
Rye,Rye NY
McCandless,McCandless PA
Lyons,Lyons IL
McLeansville,McLeansville NC
Lake Barrington,Lake Barrington IL
Stewartstown,Stewartstown PA
Hummelstown,Hummelstown PA
Hahira,Hahira GA
Spanish Lake,Spanish Lake MO
Derby,Derby KS
Howell,Howell NJ
Winston,Winston OR
Pukalani,Pukalani HI
Hampton Manor,Hampton Manor NY
Pella,Pella IA
East Palo Alto,East Palo Alto CA
Norwood,Norwood MA
Greenwood,Greenwood IN
La Vernia,La Vernia TX
Victoria,Victoria TX
Uniontown,Uniontown PA
Anacortes,Anacortes WA
Brainerd,Brainerd MN
Sun Prairie,Sun Prairie WI
Florham Park,Florham Park NJ
Britton,Britton SD
Cedar City,Cedar City UT
Columbine,Columbine CO
Byhalia,Byhalia MS
Phelan,Phelan CA
Lake Forest,Lake Forest CA
Fair Lawn,Fair Lawn NJ
Amsterdam,Amsterdam NY
Lancaster Mill,Lancaster Mill SC
Coalinga,Coalinga CA
North Ogden,North Ogden UT
Arden Hills,Arden Hills MN
Gibson,Gibson GA
Coldwater,Coldwater MI
Lakeport,Lakeport CA
Sartell,Sartell MN
Linganore-Bartonsville,Linganore-Bartonsville MD
Mabank,Mabank TX
West Longview,West Longview WA
Hamburg,Hamburg NY
Reno,Reno NV
Fenton,Fenton MO
Yankton,Yankton SD
Carol Stream,Carol Stream IL
Bath,Bath ME
Henrietta,Henrietta NY
Bayboro,Bayboro NC
Alsip,Alsip IL
Salmon Creek,Salmon Creek WA
South Windsor,South Windsor CT
Grayson,Grayson GA
Englewood,Englewood FL
North Olmsted,North Olmsted OH
Daggett,Daggett CA
Sea Breeze,Sea Breeze NC
Fort Hall,Fort Hall ID
Chicago Heights,Chicago Heights IL
Onalaska,Onalaska WI
Kent,Kent WA
Amesbury,Amesbury MA
Port Wentworth,Port Wentworth GA
Scituate,Scituate MA
Grand Forks,Grand Forks ND
Dickinson,Dickinson ND
Dracut,Dracut MA
Wheeling,Wheeling WV
Pascagoula,Pascagoula MS
McCamey,McCamey TX
Lake Ronkonkoma,Lake Ronkonkoma NY
Wahneta,Wahneta FL
State College,State College PA
Coatesville,Coatesville PA
Bremerton,Bremerton WA
East Brunswick,East Brunswick NJ
Silver Spring,Silver Spring MD
North Syracuse,North Syracuse NY
Franklin Township,Franklin Township NJ
Flemington,Flemington NJ
Bentonville,Bentonville AR
Victorville,Victorville CA
Worcester,Worcester MA
Catonsville,Catonsville MD
Levittown,Levittown PA
Snohomish,Snohomish WA
Brockton,Brockton MA
West Linn,West Linn OR
Saint Louis Park,Saint Louis Park MN
Manchester Township,Manchester Township NJ
Coram,Coram NY
Ijamsville,Ijamsville MD
Gurnee,Gurnee IL
Coronado,Coronado CA
Hoffman Estates,Hoffman Estates IL
Morro Bay,Morro Bay CA
Pine,Pine CO
Black Diamond,Black Diamond WA
Port Jervis,Port Jervis NY
Union Township,Union Township NJ
Cave Creek,Cave Creek AZ
Limestone,Limestone ME
Barrington,Barrington IL
Maltby,Maltby WA
Clay Township,Clay Township MI
South Blooming Grove,South Blooming Grove NY
Advance,Advance NC
Nevada,Nevada MO
Grimes,Grimes IA
Bainbridge Island,Bainbridge Island WA
Blue Bell,Blue Bell PA
Robbinsdale,Robbinsdale MN
York charter Township,York Charter Township MI
Park Ridge,Park Ridge IL
New Canaan,New Canaan CT
Pingree Grove,Pingree Grove IL
New Palestine,New Palestine IN
Vicksburg,Vicksburg MS
Crossville,Crossville TN
Phoenixville,Phoenixville PA
Eagle Lake,Eagle Lake TX
New Baltimore,New Baltimore MI
Manvel,Manvel TX
Catharpin,Catharpin VA
Shawnee Hills,Shawnee Hills OH
Avery Creek,Avery Creek NC
Grinnell,Grinnell IA
Yorkville,Yorkville IL
Boone,Boone NC
Waukee,Waukee IA
Trenton,Trenton NJ
Frederick,Frederick MD
Roselle,Roselle IL
Croydon,Croydon PA
Owings Mills,Owings Mills MD
Indian Trail,Indian Trail NC
Inver Grove Heights,Inver Grove Heights MN
Meridian charter Township,Meridian Charter Township MI
Macomb,Macomb MI
Del Rey,Del Rey CA
Wyckoff,Wyckoff NJ
Holmdel,Holmdel NJ
Somerset,Somerset NJ
Londonderry,Londonderry NH
North Tonawanda,North Tonawanda NY
Mohegan Lake,Mohegan Lake NY
North Royalton,North Royalton OH
Ruston,Ruston LA
Los Altos,Los Altos CA
Westport,Westport CT
Bel Air North,Bel Air North MD
Hammonton,Hammonton NJ
Spicewood,Spicewood TX
Clive,Clive IA
Hingham,Hingham MA
Prattville,Prattville AL
Coralville,Coralville IA
Broomfield,Broomfield CO
Ridgefield,Ridgefield CT
Sylvania,Sylvania OH
Lockwood,Lockwood MO
Wells Branch,Wells Branch TX
Lawrence Township,Lawrence Township NJ
Upper Providence Township,Upper Providence Township PA
San Rafael,San Rafael CA
Littleton,Littleton CO
Hot Springs,Hot Springs AR
Howard,Howard WI
Affton,Affton MO
Warwick,Warwick RI
Camp Hill,Camp Hill PA
Darien,Darien CT
Piscataway Township,Piscataway Township NJ
West Bloomfield Township,West Bloomfield Township MI
Elizabethtown,Elizabethtown KY
Aubrey,Aubrey TX
Buford,Buford GA
Galesburg,Galesburg IL
Urbana,Urbana IL
Downers Grove,Downers Grove IL
Missoula,Missoula MT
Ephrata,Ephrata PA
Saint Joseph,Saint Joseph MO
Cheswold,Cheswold DE
Fort Riley,Fort Riley KS
Sudbury,Sudbury MA
McHenry,McHenry IL
Glen Rose,Glen Rose TX
Citrus Springs,Citrus Springs FL
Anthony,Anthony FL
Prineville,Prineville OR
West Plains,West Plains MO
Springtown,Springtown TX
Chino Valley,Chino Valley AZ
Ellensburg,Ellensburg WA
Hampstead,Hampstead NC
Tanque Verde,Tanque Verde AZ
Pleasant Hill,Pleasant Hill CA
Bardstown,Bardstown KY
McMinnville,McMinnville OR
Rancho Mirage,Rancho Mirage CA
Claremore,Claremore OK
Palm Desert,Palm Desert CA
Fayetteville,Fayetteville AR
Marquette,Marquette MI
Coachella,Coachella CA
Hays,Hays KS
Nixa,Nixa MO
Mocksville,Mocksville NC
Picayune,Picayune MS
Opelousas,Opelousas LA
LaBelle,LaBelle FL
Powhatan,Powhatan VA
Thermal,Thermal CA
Melissa,Melissa TX
Silver Lake,Silver Lake KS
Madison,Madison WI
Goldsby,Goldsby OK
Tuttle,Tuttle OK
Fairfield,Fairfield CA
Henderson,Henderson NV
Black Forest,Black Forest CO
Stillwater,Stillwater OK
Norco,Norco CA
Wichita Falls,Wichita Falls TX
Enid,Enid OK
Hermiston,Hermiston OR
Mulino,Mulino OR
Wilson,Wilson NC
Dublin,Dublin GA
Leavenworth,Leavenworth KS
Ponca City,Ponca City OK
Kennett Square,Kennett Square PA
Palm Springs,Palm Springs CA
Hernando,Hernando MS
Cathedral City,Cathedral City CA
Cleburne,Cleburne TX
Douglas,Douglas AZ
Mankato,Mankato MN
Salisbury,Salisbury MD
Durant,Durant OK
Rancho Santa Fe,Rancho Santa Fe CA
Upper Darby,Upper Darby PA
Bridgeport,Bridgeport CT
Pike Creek,Pike Creek DE
New River,New River AZ
Jonesboro,Jonesboro AR
College Station,College Station TX
Murphysboro,Murphysboro IL
Prescott,Prescott AZ
Beaumont,Beaumont TX
Haslet,Haslet TX
King of Prussia,King of Prussia PA
Grand Junction,Grand Junction CO
Easton,Easton PA
Wardsville,Wardsville MO
Odenton,Odenton MD
Highland Park,Highland Park IL
Woburn,Woburn MA
Grand Island,Grand Island NE
Starkville,Starkville MS
Lionville,Lionville PA
Denton,Denton TX
Kalamazoo,Kalamazoo MI
Mount Holly,Mount Holly NC
Topeka,Topeka KS
Upland,Upland CA
Ranchettes,Ranchettes WY
West Orange,West Orange NJ
Greeneville,Greeneville TN
Gleed,Gleed WA
Ferris,Ferris TX
Cockeysville,Cockeysville MD
West Lafayette,West Lafayette IN
Merced,Merced CA
Bethel Park,Bethel Park PA
Upper Saint Clair,Upper Saint Clair PA
Vallejo,Vallejo CA
Amarillo,Amarillo TX
Helena,Helena MT
Medulla,Medulla FL
Lake Arbor,Lake Arbor MD
Topanga,Topanga CA
San Marino,San Marino CA
Orinda,Orinda CA
Woodside,Woodside CA
Pacifica,Pacifica CA
Los Altos Hills,Los Altos Hills CA
Graton,Graton CA
Mill Valley,Mill Valley CA
Saratoga,Saratoga CA
Lithia,Lithia FL
Live Oak,Live Oak FL
Cambrian Park,Cambrian Park CA
South Whittier,South Whittier CA
San Dimas,San Dimas CA
Rancho Palos Verdes,Rancho Palos Verdes CA
Ballenger Creek,Ballenger Creek MD
Moncks Corner,Moncks Corner SC
Gates-North Gates,Gates-North Gates NY
Walnut Creek,Walnut Creek CA
Agoura Hills,Agoura Hills CA
Banning,Banning CA
West Caldwell,West Caldwell NJ
Cotati,Cotati CA
Gilroy,Gilroy CA
Lake of the Pines,Lake of the Pines CA
Hopewell Junction,Hopewell Junction NY
Ithaca,Ithaca NY
Burlingame,Burlingame CA
Tonawanda,Tonawanda NY
Chino Hills,Chino Hills CA
El Cerrito,El Cerrito CA
San Ramon,San Ramon CA
Livermore,Livermore CA
Tustin,Tustin CA
Folsom,Folsom CA
Wilkes-Barre,Wilkes-Barre PA
Half Moon Bay,Half Moon Bay CA
Hillsborough,Hillsborough CA
Mission Viejo,Mission Viejo CA
Bell Gardens,Bell Gardens CA
Pittsburg,Pittsburg CA
Corona,Corona CA
Sammamish,Sammamish WA
Ramona,Ramona CA
Stroudsburg,Stroudsburg PA
Shoreline,Shoreline WA
Merrimack,Merrimack NH
Menlo Park,Menlo Park CA
Thousand Oaks,Thousand Oaks CA
Yountville,Yountville CA
Claremont,Claremont CA
Campbell,Campbell CA
Menifee,Menifee CA
Wakefield,Wakefield MA
Syracuse,Syracuse NY
Allentown,Allentown PA
Coloma,Coloma MI
Riverside,Riverside CA
Escondido,Escondido CA
Zionsville,Zionsville IN
Alameda,Alameda CA
San Clemente,San Clemente CA
Lake Elsinore,Lake Elsinore CA
Cupertino,Cupertino CA
Palo Alto,Palo Alto CA
Cheektowaga,Cheektowaga NY
Coto de Caza,Coto de Caza CA
Castro Valley,Castro Valley CA
Whittier,Whittier CA
Holladay,Holladay UT
Fishers,Fishers IN
San Mateo,San Mateo CA
Colorado Springs,Colorado Springs CO
Grants Pass,Grants Pass OR
South San Francisco,South San Francisco CA
Monrovia,Monrovia CA
Valley Center,Valley Center CA
Waterford Township,Waterford Township MI
Oakland,Oakland CA
Cranston,Cranston RI
Brighton,Brighton CO
Central Point,Central Point OR
Barrington Hills,Barrington Hills IL
Culver City,Culver City CA
Fountain Valley,Fountain Valley CA
Buffalo,Buffalo NY
Allen,Allen TX
Kirkland,Kirkland WA
Moss Landing,Moss Landing CA
Pleasanton,Pleasanton CA
Bend,Bend OR
Young,Young AZ
Yosemite Lakes,Yosemite Lakes CA
Steger,Steger IL
Lake Shore,Lake Shore MD
Discovery Bay,Discovery Bay CA
Muscle Shoals,Muscle Shoals AL
Hopewell,Hopewell VA
Southgate,Southgate MI
Wilsonville,Wilsonville OR
Gray,Gray TN
Parkersburg,Parkersburg WV
North Tustin,North Tustin CA
College,College AK
Crowley,Crowley TX
Scotts Valley,Scotts Valley CA
Randallstown,Randallstown MD
Benicia,Benicia CA
Oak Park,Oak Park IL
East Port Orchard,East Port Orchard WA
Emeryville,Emeryville CA
Cinco Ranch,Cinco Ranch TX
Monterey Park,Monterey Park CA
Santa Clara,Santa Clara CA
Jupiter,Jupiter FL
Calabasas,Calabasas CA
Beaverton,Beaverton OR
Hobart,Hobart IN
North Andover,North Andover MA
Burbank,Burbank CA
Diamond Springs,Diamond Springs CA
Simi Valley,Simi Valley CA
Spokane Valley,Spokane Valley WA
San Leandro,San Leandro CA
Romeoville,Romeoville IL
San Gabriel,San Gabriel CA
Renton,Renton WA
Blackhawk,Blackhawk CA
Florissant,Florissant MO
Towson,Towson MD
Truckee,Truckee CA
Temelec,Temelec CA
Idaho City,Idaho City ID
Egegik,Egegik AK
Laporte,Laporte IN
Sandown,Sandown NH
West Bridgewater,West Bridgewater MA
Stowe,Stowe VT
Emmaus,Emmaus PA
Lutherville-Timonium,Lutherville-Timonium MD
Laguna Woods,Laguna Woods CA
Corbett,Corbett OR
Albemarle,Albemarle NC
Yucaipa,Yucaipa CA
Saint Andrews,Saint Andrews SC
Cole,Cole OK
Chesterfield Township,Chesterfield Township MI
Eastpointe,Eastpointe MI
Braintree,Braintree MA
Rock Springs,Rock Springs WY
Anna,Anna IL
Darby,Darby PA
Avon Park,Avon Park FL
University Place,University Place WA
DeForest,DeForest WI
Evergreen,Evergreen CO
Oakley,Oakley CA
Norton Shores,Norton Shores MI
Baldwin,Baldwin NY
Greatwood,Greatwood TX
Potomac Falls,Potomac Falls VA
New Berlin,New Berlin WI
Elk Grove Village,Elk Grove Village IL
Vacaville,Vacaville CA
Lincolnton,Lincolnton NC
Lititz,Lititz PA
Torrington,Torrington CT
Woolwich Township,Woolwich Township NJ
Bismarck,Bismarck ND
Ferguson,Ferguson MO
Belvedere Park,Belvedere Park GA
Idaho Falls,Idaho Falls ID
Lawrence,Lawrence KS
Ken Caryl,Ken Caryl CO
Malden,Malden MA
Shelbyville,Shelbyville TN
Granite City,Granite City IL
Westminster,Westminster CO
Bellevue,Bellevue WA
Manhattan Beach,Manhattan Beach CA
El Monte,El Monte CA
Trumbull,Trumbull CT
Bloomington,Bloomington IN
South Laurel,South Laurel MD
Cary,Cary NC
Abilene,Abilene TX
Brick,Brick NJ
Wake Forest,Wake Forest NC
Akron,Akron OH
Pueblo,Pueblo CO
Mulberry,Mulberry FL
Frenchtown,Frenchtown NJ
Manquin,Manquin VA
Beaver Dam,Beaver Dam WI
Lakeville,Lakeville MN
Winchester,Winchester VA
Lansdowne,Lansdowne PA
East Dublin,East Dublin GA
Armada,Armada MI
Manistee,Manistee MI
Wellington,Wellington FL
Allyn-Grapeview,Allyn-Grapeview WA
Galena Park,Galena Park TX
Fair Oaks Ranch,Fair Oaks Ranch TX
Fruitland,Fruitland ID
Unionville,Unionville MO
Olivehurst,Olivehurst CA
Frankfort,Frankfort KY
Massac,Massac IL
Foxworth,Foxworth MS
Texas charter Township,Texas charter Township MI
Pleasantville,Pleasantville NJ
Celebration,Celebration FL
Vine Grove,Vine Grove KY
Walla Walla,Walla Walla WA
Webb City,Webb City MO
Harrison charter Township,Harrison charter Township MI
Harrodsburg,Harrodsburg KY
Glendale,Glendale AZ
Hockessin,Hockessin DE
Branson,Branson MO
Williamston,Williamston NC
Natchitoches,Natchitoches LA
Saint Clair Shores,Saint Clair Shores MI
Raytown,Raytown MO
Canal Winchester,Canal Winchester OH
Clinton,Clinton MS
Medford,Medford OR
Fearrington,Fearrington NC
Seneca,Seneca SC
Columbia City,Columbia City IN
Somersworth,Somersworth NH
Wisconsin Rapids,Wisconsin Rapids WI
Rhinelander,Rhinelander WI
Vineyard,Vineyard UT
Ruckersville,Ruckersville VA
Mason City,Mason City IA
Algonquin,Algonquin IL
Taylorsville,Taylorsville UT
Hazelwood,Hazelwood MO
Derry,Derry NH
Clover,Clover SC
South Hill,South Hill VA
Gloucester,Gloucester MA
Colonial Park,Colonial Park PA
Big Bear Lake,Big Bear Lake CA
Tinton Falls,Tinton Falls NJ
Oakland charter Township,Oakland charter Township MI
Moline,Moline IL
Horsham,Horsham PA
Houserville,Houserville PA
Christiansburg,Christiansburg VA
Iowa Colony,Iowa Colony TX
Lake Jackson,Lake Jackson TX
Bloomfield Township,Bloomfield Township MI
Lombard,Lombard IL
Vista,Vista CA
La Mirada,La Mirada CA
Blue Mounds,Blue Mounds WI
Justin,Justin TX
Washington Township,Washington Township NJ
Kearney,Kearney NE
Bemidji,Bemidji MN
West Falls Church,West Falls Church VA
Delray Beach,Delray Beach FL
West Norriton,West Norriton PA
Waukesha,Waukesha WI
Charter Township of Clinton,Charter Township of Clinton MI
Sapulpa,Sapulpa OK
Gary,Gary IN
Sterling,Sterling VA
North Richland Hills,North Richland Hills TX
Garden Grove,Garden Grove CA
Mountain Park,Mountain Park GA
Jordan,Jordan MN
Shelby charter Township,Shelby charter Township MI
Parker,Parker CO
Great Falls,Great Falls MT
Falmouth,Falmouth MA
Holly Springs,Holly Springs NC
Sunrise Manor,Sunrise Manor NV
Placentia,Placentia CA
Mason,Mason OH
Blue Springs,Blue Springs MO
Grosse Pointe Farms,Grosse Pointe Farms MI
Grosse Ile Township,Grosse Ile Township MI
Osage Beach,Osage Beach MO
Sherwood,Sherwood OR
Detroit Lakes,Detroit Lakes MN
East Hill-Meridian,East Hill-Meridian WA
Royse City,Royse City TX
Houma,Houma LA
Ravensdale,Ravensdale WA
Rigby,Rigby ID
Northglenn,Northglenn CO
Kennewick,Kennewick WA
Mableton,Mableton GA
Rochester,Rochester MN
New Haven,New Haven CT
Pleasant Grove,Pleasant Grove UT
Tabernacle,Tabernacle NJ
Elizabeth City,Elizabeth City NC
Angola,Angola IN
Superior,Superior WI
Newcastle,Newcastle OK
Cuyahoga Falls,Cuyahoga Falls OH
Horn Lake,Horn Lake MS
Port Huron,Port Huron MI
McLean,McLean VA
Tracyton,Tracyton WA
Boise,Boise ID
West Hartford,West Hartford CT
South Elgin,South Elgin IL
Worthington,Worthington OH
Adrian,Adrian MI
Van Buren Charter Township,Van Buren Charter Township MI
South Weber,South Weber UT
Brookston,Brookston IN
Security-Widefield,Security-Widefield CO
Oshkosh,Oshkosh WI
Herriman,Herriman UT
Post Falls,Post Falls ID
Mount Horeb,Mount Horeb WI
Universal City,Universal City TX
Rochester Hills,Rochester Hills MI
Thornton,Thornton CO
Anaheim,Anaheim CA
Wheaton,Wheaton IL
Kansas City,Kansas City MO
Santa Paula,Santa Paula CA
Bella Vista,Bella Vista AR
Greeley,Greeley CO
Sterling Heights,Sterling Heights MI
Flint,Flint MI
Bowling Green,Bowling Green KY
Farmington Hills,Farmington Hills MI
Meridian,Meridian ID
Arcadia,Arcadia CA
Centennial,Centennial CO
Janesville,Janesville WI
Independence charter Township,Independence charter Township MI
Springville,Springville UT
Lilburn,Lilburn GA
Stanton,Stanton CA
Cookeville,Cookeville TN
Novi,Novi MI
Flowery Branch,Flowery Branch GA
Ogden,Ogden UT
Nicholasville,Nicholasville KY
Lima,Lima OH
Port Clinton,Port Clinton OH
Lapeer,Lapeer MI
Chapin,Chapin SC
Ukiah,Ukiah CA
Sandusky,Sandusky OH
Wentzville,Wentzville MO
Moore,Moore OK
Plattsburgh,Plattsburgh NY
Spokane,Spokane WA
Broken Arrow,Broken Arrow OK
Pullman,Pullman WA
West Jordan,West Jordan UT
Saint Charles,Saint Charles MO
Wexford,Wexford PA
Lone Tree,Lone Tree CO
East Hartford,East Hartford CT
Longmont,Longmont CO
Pontiac,Pontiac MI
Valparaiso,Valparaiso IN
Neenah,Neenah WI
Salt Lake City,Salt Lake City UT
Coconut Creek,Coconut Creek FL
Citrus Heights,Citrus Heights CA
Malvern,Malvern PA
Sandy,Sandy UT
Wichita,Wichita KS
West Sacramento,West Sacramento CA
Papillion,Papillion NE
Conroe,Conroe TX
Lewiston,Lewiston ME
Castle Rock,Castle Rock CO
Temecula,Temecula CA
Manhattan,Manhattan KS
Hilo,Hilo HI
Floral City,Floral City FL
Simpsonville,Simpsonville SC
Keller,Keller TX
Alpine,Alpine UT
Lady Lake,Lady Lake FL
Mapleton,Mapleton UT
Encinitas,Encinitas CA
Madison Heights,Madison Heights MI
South Portland,South Portland ME
Rancho Santa Margarita,Rancho Santa Margarita CA
Aloha,Aloha OR
Fort Mill,Fort Mill SC
Exton,Exton PA
Batavia,Batavia IL
Palm Beach Gardens,Palm Beach Gardens FL
Kannapolis,Kannapolis NC
Enumclaw,Enumclaw WA
Yorba Linda,Yorba Linda CA
Jennings Lodge,Jennings Lodge OR
Valdosta,Valdosta GA
Arlington,Arlington TX
Hillsboro,Hillsboro OR
Carmel,Carmel IN
Hopkins,Hopkins MN
Mission Bend,Mission Bend TX
Goleta,Goleta CA
Queensbury,Queensbury NY
Gresham,Gresham OR
Lugoff,Lugoff SC
Tigard,Tigard OR
Fountain Inn,Fountain Inn SC
Ellenwood,Ellenwood GA
Upper Arlington,Upper Arlington OH
Jamison,Jamison PA
Huber Heights,Huber Heights OH